,Country,Life expectancy,Adult Mortality,infant deaths,Alcohol,percentage expenditure,Hepatitis B,Measles,BMI,under-five deaths,Polio,Total expenditure,Diphtheria,HIV/AIDS,GDP,Population,thinness  1-19 years,thinness 5-9 years,Income composition of resources,Schooling,Status,Estimated road traffic death rate,Age-standardized suicide rates,Population using safely managed drinking-water services (%),Population using safely managed sanitation services (%),Region
0,Afghanistan,58.19375,269.0625,78.25,0.014375,34.960110065937506,64.5625,2362.25,15.51875,107.5625,48.375,8.2525,52.3125,0.1,340.01542546875004,9972259.8125,16.58125,15.58125,0.415375,8.212500000000002,Developing,14.645625,7.049375,16.724375,50.36647619047619,Eastern Mediterranean
1,Albania,75.15624999999999,45.0625,0.6875,4.84875,193.25909071062503,98.0,53.375,49.06875,0.9375,98.125,5.945625,98.0625,0.1,2119.7266788750003,696911.625,1.61875,1.7,0.709875,12.137499999999998,Developing,14.352500000000001,6.140208333333334,58.218125,43.151250000000005,Europe
2,Algeria,73.61874999999999,108.1875,20.3125,0.4066666666666668,236.18524066862503,78.0,1943.875,48.74375,23.5,91.75,4.604,91.875,0.1,2847.8533923125,21649827.4375,6.09375,5.975,0.694875,12.712499999999997,Developing,22.13,3.52125,73.66,20.22625,Africa
3,Angola,49.01875,328.5625,83.75,5.740666666666666,102.10026836999998,70.22222222222223,3561.3125,18.01875,132.625,46.125,3.9193333333333342,47.6875,2.36875,1975.1430451187496,10147099.1875,6.1937500000000005,6.668750000000001,0.4583749999999999,8.043750000000001,Developing,24.91875,15.771875,20.582302631578948,15.728312500000001,Africa
4,Antigua and Barbuda,75.05624999999999,127.5,0.0,7.949333333333333,1001.58522632875,98.26666666666668,0.0,38.425,0.0,96.9375,4.791333333333333,98.3125,0.125,9759.305728124998,11056231.956521738,3.4250000000000003,3.375,0.4886249999999999,8.84375,Developing,5.09375,0.7966666666666667,68.75443587662338,43.34714133522727,Americas
5,Argentina,75.15624999999999,106.0,10.125,7.966666666666667,773.0389813131252,81.28571428571429,2.0,54.98125,11.375,93.375,6.9126666666666665,92.375,0.1,6998.575103125,20121204.5,1.0749999999999995,0.95,0.794125,16.50625,Developing,12.580625,9.081666666666667,68.75443587662338,49.438125,Americas
6,Armenia,73.39999999999999,117.375,1.0,3.7026666666666666,131.0074187505,87.5625,274.25,44.70625,1.0,89.125,4.8613333333333335,87.375,0.1,1999.9863176500005,1015164.625,2.0375,2.1125000000000007,0.698375,11.7875,Developing,17.93875,4.632291666666666,81.2975,51.63375,Europe
7,Australia,81.81250000000001,63.1875,1.0,10.155333333333331,5332.2264727375,93.4,103.9375,55.8625,1.375,86.75,8.836666666666668,86.875,0.1,34637.565046874995,4587009.875,0.66875,0.6249999999999998,0.9181249999999996,20.0375,Developed,7.355625,10.426875,55.21810267857143,62.7775,Western Pacific
8,Austria,81.48124999999999,65.75,0.0,12.236,4928.439188052499,81.0625,77.25,48.287500000000016,0.0,86.0,4.715333333333334,86.75,0.1,33827.47630875,6474879.875,1.7312499999999995,1.9374999999999996,0.862375,15.3875,Developed,8.679375,13.1475,97.91875,99.656875,Europe
9,Azerbaijan,70.73124999999999,115.1875,6.0625,0.992,131.1487469148125,59.21428571428572,598.1875,43.84375000000001,7.1875,75.8125,5.679333333333334,82.3125,0.1,3302.9478069937504,2157370.5,2.9000000000000004,2.94375,0.7026874999999999,11.35,Developing,12.144375,4.404791666666667,71.703125,23.1675,Europe
10,Bahamas,74.28750000000001,152.0625,0.0,10.271333333333333,0.0,83.6,0.0,52.88125,0.0,95.0,6.706,95.75,0.11875,5329.105300112037,11056231.956521738,2.5500000000000007,2.5187500000000003,0.7379375000000001,12.425,Developing,15.301874999999999,3.2895833333333333,68.75443587662338,43.34714133522727,Americas
11,Bahrain,75.72500000000001,65.375,0.0,1.9346666666666663,602.0871396488749,98.125,6.6875,51.65625000000001,0.0,98.0,3.807333333333333,98.0625,0.1,11191.247420625004,15424546.5875,6.10625,5.950000000000001,0.8079374999999998,14.1125,Developing,13.429375,7.285,98.930625,77.27625,Eastern Mediterranean
12,Bangladesh,69.3,141.375,153.625,0.01,32.32097151468751,77.61538461538461,4649.9375,12.875,201.5625,87.5,2.8546666666666662,92.75,0.1,443.5614810250001,42985163.875,13.775,14.33125,0.517875,8.693750000000001,Developing,15.674375000000001,5.086666666666667,55.273125,25.718125,South-East Asia
13,Barbados,74.35625,77.625,0.0,8.206666666666669,389.07699521375,84.06666666666666,0.0,45.975,0.0,80.3125,6.122,89.9375,0.25625,12017.098529375,11056231.956521738,3.95625,3.9187500000000006,0.7704375,14.89375,Developing,10.961875000000001,0.9899374999999999,68.75443587662338,43.34714133522727,Americas
14,Belarus,69.90625,218.75,0.5625,13.497333333333332,329.04645533312504,88.9375,24.8125,54.74375,0.875,89.875,6.192000000000001,92.1875,0.1,3811.525348,6371866.8125,2.2125,2.3375,0.7432499999999999,14.75,Developing,19.609375,32.507083333333334,87.125625,81.093125,Europe
15,Belgium,80.68124999999999,70.1875,0.25,11.042666666666666,2392.4326567562507,74.5,81.5625,50.89375,1.0,97.75,5.962000000000001,97.3125,0.1,16915.305999999997,2884042.5625,0.8625000000000004,0.8562500000000004,0.8777500000000001,16.7875,Developed,10.295625,16.639375,99.485625,78.139375,Europe
16,Belize,69.26875,155.5,0.0,6.252666666666668,365.84348979312506,94.75,0.0,37.67499999999999,0.0,95.5,5.039333333333333,95.1875,0.43125,3933.0121745,170392.875,3.5562500000000004,3.4875000000000003,0.6939374999999999,12.45625,Developing,26.921875,7.609375,68.75443587662338,43.34714133522727,Americas
17,Benin,57.56875,269.375,25.0,1.0,43.99195641925,62.57142857142857,1116.875,19.6125,39.25,67.6875,4.636,67.9375,1.7062500000000005,561.167968,3942978.9375,8.25,8.1375,0.4380624999999999,8.85,Developing,27.93125,14.794375,20.582302631578948,15.728312500000001,Africa
18,Bhutan,66.1625,230.25,0.6875,0.2786666666666667,134.76406995375,94.125,80.25,17.581249999999997,0.9375,89.375,5.346,93.875,0.3562499999999999,1353.98694560625,492584.9375,17.21875,17.925,0.183875,10.225,Developing,13.3925,5.684375,32.358125,63.76125,South-East Asia
19,Bolivia (Plurinational State of),67.70625,177.5,10.75,3.212,0.0,82.875,7.625,44.81875,14.0,81.6875,5.626,87.375,0.15625,5329.105300112037,11056231.956521738,1.3,1.1874999999999996,0.6337499999999999,13.9625,Developing,17.475625,7.380416666666666,68.75443587662338,35.999375,Americas
20,Bosnia and Herzegovina,75.96875000000001,64.9375,0.0,4.405333333333333,215.45745909825,71.66666666666667,319.1875,48.9625,0.0,78.3125,8.741999999999999,78.5,0.1,2245.0260235625,1986993.0625,2.78125,2.75625,0.450375,12.225,Developing,17.123125,8.664375,88.203125,23.74875,Europe
21,Botswana,56.05,448.125,2.0,4.67,334.2669708721875,87.3125,237.875,32.24375,3.125,96.1875,5.510666666666666,95.8125,16.525000000000002,4498.285431187499,1063867.375,7.4375,7.8125,0.6303749999999999,12.1375,Developing,26.075,36.927083333333336,20.582302631578948,15.728312500000001,Africa
22,Brazil,73.38125,150.6875,68.25,7.213333333333333,390.695595171875,96.1875,95.375,47.0625,77.25,98.3125,8.019333333333332,97.9375,0.1,6143.161793500001,88128071.25,3.05,3.0125,0.7101875,14.1625,Developing,22.3075,5.137083333333334,78.640625,39.15,Americas
23,Brunei Darussalam,76.48750000000001,67.0625,0.0,0.3786666666666667,1276.879485248125,97.875,7.3125,29.71875,0.0,97.5,2.8200000000000003,96.8125,0.1,19744.808101875,4935281.544642857,6.199999999999999,5.674999999999999,0.839375,14.10625,Developing,12.147499999999999,1.724375,55.21810267857143,56.17975961538461,Western Pacific
24,Bulgaria,72.85,125.5,0.9375,10.865333333333332,350.74520402624995,94.5,1530.3125,54.50000000000001,1.0,94.25,7.236,94.0,0.1,4938.981821375001,5290923.9375,2.13125,2.15625,0.7546249999999999,13.725,Developed,11.786875,9.790416666666667,93.55125,53.25125,Europe
25,Burkina Faso,55.64374999999999,252.5,44.75,4.241333333333333,52.0455813263125,81.1,5091.75,15.499999999999998,79.9375,69.0,6.037999999999999,77.3125,1.8375,410.3720343125,6143694.8125,7.41875,6.9812499999999975,0.2296875,5.40625,Developing,29.2775,16.842291666666664,20.582302631578948,15.728312500000001,Africa
26,Burundi,55.5375,291.5625,23.25,4.103333333333334,15.335497774875002,93.33333333333331,1349.5,15.312500000000002,35.5625,86.625,7.089333333333333,85.75,3.0875000000000004,137.81532131875,3915446.6875,8.01875,8.012500000000001,0.3278749999999999,7.481250000000001,Developing,32.09625,17.341666666666665,20.582302631578948,15.728312500000001,Africa
27,Cabo Verde,72.51875,116.1875,0.0,3.448,188.6329873781875,80.64285714285714,0.125,24.375,0.0,84.375,4.755333333333334,79.0,0.53125,2023.54103925,292600.25,8.012500000000001,7.975,0.57,12.2,Developing,23.595,18.746041666666667,20.582302631578948,15.728312500000001,Africa
28,Cambodia,64.34375,196.375,16.75,1.4860000000000002,33.7965609773125,79.6,1880.8125,15.362500000000004,20.5,74.1875,5.740666666666668,72.0625,1.025,466.19687805,7145967.4375,10.14375,10.88125,0.4919374999999999,9.874999999999998,Developing,17.633125,6.611041666666666,20.74125,56.17975961538461,Western Pacific
29,Cameroon,54.01875,294.875,54.9375,4.141333333333334,44.46229993868749,76.81818181818181,2979.25,23.61875,86.1875,72.5,4.719333333333334,69.4375,6.212500000000001,781.0160044124999,9967291.9375,6.550000000000001,6.606249999999999,0.47,8.90625,Developing,28.265,19.819375,20.582302631578948,15.728312500000001,Africa
30,Canada,81.6875,64.625,2.0,8.053333333333333,4694.078971425001,28.846153846153847,129.5,55.86249999999999,2.0,85.3125,7.052000000000001,91.0625,0.1,29382.907523125003,11364053.8125,0.50625,0.4375000000000001,0.8921875000000001,15.875000000000004,Developing,7.979375,10.375,98.423125,79.913125,Americas
31,Central African Republic,48.51250000000001,333.0625,16.5,1.2313333333333334,40.905543112125,42.57142857142857,699.4375,17.0875,24.5,41.3125,4.039333333333334,42.4375,8.981250000000001,363.05590484999993,2016546.125,7.106250000000001,7.087500000000001,0.3355,6.2375,Developing,32.3625,29.36,7.575,17.93125,Africa
32,Chad,50.3875,227.75,44.875,0.4113333333333333,32.277320497062505,29.875,4687.75,16.318749999999998,78.125,32.875,4.379333333333333,26.8125,4.3375,484.7916940562499,4114092.0625,7.14375,7.043750000000001,0.316625,6.0875,Developing,25.164375,15.845625,5.606875,8.8575,Africa
33,Chile,79.44999999999999,63.625,2.0,6.978,775.5408127837499,77.2,1.0625,55.5875,2.1875,83.625,6.911333333333334,88.8125,0.1,6202.344363562499,14671763.9375,0.8875000000000001,0.9125,0.8013125,14.9,Developing,14.74,10.378541666666667,95.329375,59.40375,Americas
34,China,74.2625,73.75,294.875,4.182000000000001,73.5837628956875,80.4375,65857.9375,21.80625,350.0,93.6875,4.918,93.3125,0.1,2345.3031576875,321812.0625,4.6375,4.025,0.66025,11.4375,Developing,20.53,10.820625,55.21810267857143,29.45625,Western Pacific
35,Colombia,73.28750000000001,124.25,13.875,4.419333333333333,516.640179215,79.0,9.5,49.54375,16.375,84.25,6.34,79.1875,0.1,3321.6607483124994,31767432.625,2.3000000000000003,2.075,0.6818750000000001,12.231250000000005,Developing,17.623125,4.396458333333333,70.943125,16.38125,Americas
36,Comoros,61.58125,240.9375,1.6875,0.1346666666666666,47.7314576225,76.46153846153847,62.625,18.25625,2.0,67.8125,4.832,66.9375,0.2812499999999999,630.38433406875,532200.6875,7.275,7.1625000000000005,0.3246249999999999,9.95625,Developing,26.755,9.34,20.582302631578948,15.728312500000001,Africa
37,Congo,59.04375,322.75,7.875,2.1733333333333333,0.0,50.77777777777778,1021.625,20.925000000000004,11.6875,52.4375,2.986666666666667,55.25,4.987499999999999,1471.9199822852975,8305022.777936508,8.4875,8.125,0.5283125,10.0875,Developing,26.378125,17.72375,35.450625,15.728312500000001,Africa
38,Costa Rica,78.59374999999999,69.375,1.0,3.924666666666667,972.3591498793749,79.3125,0.1875,46.72499999999999,1.0,69.9375,8.620000000000001,79.75,0.1,3957.22728625,2309299.4375,1.9625,1.90625,0.7369375,12.8375,Developing,15.564375,6.65375,78.5175,36.106875,Americas
39,Croatia,76.11875,89.0,0.0,12.448000000000002,1162.85632917,96.22222222222224,23.6875,52.35625,0.0,95.5,7.370666666666666,95.375,0.1,9056.7847190625,1159772.375,1.74375,1.7187499999999998,0.7890625000000001,13.8875,Developed,12.85125,14.148958333333333,81.99375,77.69,Europe
40,Cuba,77.97500000000001,57.5625,1.0,4.190666666666667,364.56385808368753,96.25,0.0,49.46249999999999,1.0,98.6875,6.428666666666667,93.9375,0.1,3180.4348844375,11056231.956521738,3.44375,3.268749999999999,0.7421250000000001,14.69375,Developing,10.26,11.620833333333332,68.75443587662338,38.784375,Americas
41,Cyprus,79.675,54.125,0.0,10.260666666666667,932.6673898875,92.625,1.9375,53.16249999999999,0.0,98.0,6.760000000000001,98.0,0.1,13898.88550125,390274.375,0.9062500000000002,1.0,0.8330625000000002,13.51875,Developed,9.59375,3.3775,97.07125,76.42625,Europe
42,Czechia,76.76875,71.8125,0.0,13.026000000000002,0.0,97.28571428571428,22.9375,55.71249999999999,0.0,98.0,7.05,98.125,0.1,14759.600598875568,7782217.683238637,1.99375,2.0625,0.7694268617021276,14.543351063829787,Developed,10.5775,12.520416666666668,97.094375,73.5475,Europe
43,CÃ´te d'Ivoire,50.3875,417.3125,61.5,2.837333333333333,0.0,63.93333333333333,1708.25,21.325,86.8125,65.9375,5.723333333333333,68.9375,4.6875,1471.9199822852975,8305022.777936508,6.7375,6.6937500000000005,0.4455426136363636,9.055113636363636,Developing,25.145,19.983958333333334,34.553125,15.728312500000001,Africa
44,Democratic People's Republic of Korea,69.19375000000001,160.8125,9.9375,3.0000000000000004,0.0,88.84615384615384,222.5625,25.625,12.8125,98.25,4.0536666666666665,83.25,0.1,1422.099758808125,65379504.09375,5.437500000000001,5.45,0.54514375,10.773750000000001,Developing,23.13375,9.518958333333334,68.22749999999999,35.7871875,South-East Asia
45,Democratic Republic of the Congo,55.68749999999999,265.375,234.5,1.424,0.0,51.333333333333336,48922.6875,15.8375,323.5,55.625,3.5586666666666678,41.875,1.81875,1471.9199822852975,8305022.777936508,8.14375,7.956250000000001,0.4455426136363636,9.055113636363636,Developing,36.083125,14.019791666666668,12.97,18.813125,Africa
46,Denmark,79.25625000000001,66.0625,0.0,10.707999999999998,5313.33579445625,84.45190351976066,15.75,55.825,0.0,88.0,7.822666666666667,88.0,0.1,33067.407915625,4260081.375,1.1624999999999996,0.9375,0.8998749999999999,17.19375,Developed,6.1325,10.285208333333333,95.509375,87.82187499999999,Europe
47,Djibouti,60.75625,274.6875,1.4375,0.7639999999999999,98.838448121875,78.0,113.875,26.25,1.875,74.875,7.070666666666667,75.125,3.28125,897.9998706499999,634116.1875,5.84375,5.7,0.4184374999999999,4.750000000000001,Developing,26.584375,11.93125,68.72619791666666,28.2375,Eastern Mediterranean
48,Dominican Republic,72.34374999999999,143.5,6.4375,6.030666666666666,360.67899713687495,65.125,23.0,48.14375000000001,7.8125,75.625,4.681333333333334,83.1875,1.41875,3509.4991863125,4448642.6875,3.46875,3.3750000000000004,0.6849999999999999,12.74375,Developing,30.636875,5.62375,68.75443587662338,43.34714133522727,Americas
49,Ecuador,74.72500000000001,132.125,7.375,3.807333333333333,109.40605116625,78.0625,20.75,43.3125,8.75,78.75,5.879999999999999,89.1875,0.1937499999999999,2005.3524679375,8710592.0625,1.3812500000000003,1.26875,0.6988749999999999,13.0125,Developing,19.425625,9.515625,61.861875,40.71125,Americas
50,Egypt,71.5,170.625,56.25,0.1886666666666666,0.0,96.6875,1069.25,49.2625,67.625,96.6875,5.346,96.6875,0.1,8244.258282635765,15424546.5875,3.125,3.075,0.6476249999999999,11.89375,Developing,11.790625,3.671875,68.72619791666666,57.62,Eastern Mediterranean
51,El Salvador,71.74375,155.0625,2.5625,2.6926666666666668,341.5691573100001,86.0625,0.125,45.325,2.875,82.25,7.103333333333334,87.1875,0.2875,2517.8346304375,2930826.5,1.80625,1.725,0.6504375,12.656250000000002,Developing,27.785,7.5225,68.75443587662338,43.34714133522727,Americas
52,Equatorial Guinea,55.3125,279.375,3.0,7.341999999999999,552.671538039375,9.0,294.5,17.85625,4.0,36.875,2.9293333333333327,29.9375,5.1375,7902.4107885625,556765.3125,6.65625,6.599999999999999,0.5361875,8.325,Developing,20.855,15.235416666666666,20.582302631578948,15.728312500000001,Africa
53,Eritrea,60.6875,308.625,6.3125,0.608,6.4360693815625,86.42857142857143,175.0,15.15625,8.9375,87.8125,3.468666666666667,82.25,1.2125,259.3953562916667,2071919.3333333333,8.08125,8.01875,0.2553125,4.925000000000001,Developing,33.7475,21.095,20.582302631578948,15.728312500000001,Africa
54,Estonia,74.94375,169.6875,0.0,9.014666666666663,859.5750084284374,86.83333333333333,3.5,56.68125,0.0,94.25,5.687333333333333,94.125,0.1,8340.4329494375,791848.6875,2.075,2.1375,0.8233125,15.9375,Developing,11.954375,19.531875,95.055625,92.65625,Europe
55,Ethiopia,59.11250000000001,285.5625,187.75,1.0746666666666669,32.482109182375,64.11111111111111,3948.375,14.8,288.5,51.125,4.901333333333334,46.1875,2.725,264.97094995000003,43950760.75,8.38125,6.475,0.346125,6.8,Developing,24.731875,14.199583333333335,7.140625,3.931875,Africa
56,Fiji,68.7125,125.0,0.0,1.462666666666667,139.15683759693752,98.875,50.0,50.562500000000014,0.0,97.125,3.8973333333333335,91.6875,0.1,2947.6126888750005,650205.125,4.093750000000001,3.7937499999999993,0.7022499999999999,14.18125,Developing,10.27875,10.41625,55.21810267857143,56.17975961538461,Western Pacific
57,Finland,80.7125,68.875,0.0,9.552666666666669,2889.3154698925,84.45190351976066,2.8125,52.3,0.0,97.1875,8.614,98.25,0.1,25268.649758125,3493082.3125,0.9000000000000002,0.8062500000000001,0.8729374999999999,17.29375,Developing,6.568125,17.294999999999998,96.750625,81.91625,Europe
58,France,82.21875,73.125,2.9375,12.40466666666667,3751.506574133749,51.25,2661.625,51.98125,3.4375,98.25,6.555999999999999,98.0625,0.1,26465.551380625,27581733.125,0.6249999999999998,0.5999999999999999,0.8705624999999998,15.9,Developing,8.255,14.297708333333333,97.3775,79.0125,Europe
59,Gabon,62.243750000000006,220.4375,2.0,7.877333333333333,261.077778610625,57.63636363636363,349.8125,28.81875,3.0,57.25,3.1753333333333327,54.5,8.0,5179.2561886250005,1007302.3125,6.91875,6.775,0.6543749999999999,12.412500000000003,Developing,23.6975,16.57229166666667,20.582302631578948,15.728312500000001,Africa
60,Gambia,59.462500000000006,249.625,3.0,2.1346666666666665,0.0,95.375,41.25,20.300000000000004,5.6875,92.75,5.3086666666666655,88.5,2.34375,1471.9199822852975,8305022.777936508,7.5875,7.50625,0.4201875,8.125,Developing,26.38875,11.131041666666667,31.224375,36.715,Africa
61,Georgia,73.50625,114.9375,1.1875,5.623333333333334,99.5257140183125,77.25,1298.0,47.74375,1.25,81.1875,7.3306666666666676,83.5,0.1,2158.2808692812496,10152.375,2.75,2.89375,0.6779375,12.675,Developing,15.348125,7.102708333333333,63.565625,42.63,Europe
62,Germany,81.175,71.25,2.5,11.628666666666668,3900.8902608937497,77.4375,1497.1875,51.993750000000006,3.25,94.8125,4.073333333333333,89.875,0.1,24337.749100000005,38757347.4375,1.1187499999999997,1.1062499999999995,0.8945000000000001,16.6,Developed,6.374375,9.868333333333334,99.87875,96.27,Europe
63,Ghana,60.8625,180.0625,40.3125,1.2686666666666666,77.24912203487499,67.5,3419.75,21.725,59.8125,78.9375,4.328666666666667,73.875,2.2875,834.3761008125001,11534782.625,7.65,7.574999999999999,0.525875,9.512499999999998,Developing,24.5425,12.395208333333334,22.185625,7.4925,Africa
64,Greece,81.21875,73.625,0.1875,8.803333333333333,1759.24682044375,88.9375,24.875,58.681250000000006,0.4375,91.4375,9.038666666666668,96.625,0.1,16454.23587,1550208.4375,0.8125000000000001,0.7312500000000003,0.8423125,15.9375,Developing,14.528125,3.044583333333333,99.275,82.2925,Europe
65,Grenada,73.29375,153.75,0.0,8.843333333333334,363.84122981125,95.46666666666668,0.0,40.212500000000006,0.0,95.125,6.188666666666667,95.625,0.1,6259.5172613125,11056231.956521738,3.91875,3.93125,0.2331875,15.20625,Developing,7.035,2.0722916666666666,84.43375,43.34714133522727,Americas
66,Guatemala,71.73125,131.1875,13.125,2.268666666666667,334.0270480281251,87.0909090909091,0.0,40.44375,16.125,71.4375,6.593999999999999,85.5625,0.375,2365.83447375,5933907.5,1.3375,1.3375,0.5844374999999998,9.8625,Developing,10.26625,10.858125000000001,50.47,43.34714133522727,Americas
67,Guinea,56.0125,259.875,30.8125,0.1646666666666666,15.8912829451875,58.66666666666666,1522.0,17.46875,48.375,52.4375,4.009333333333333,47.875,2.19375,279.46479789375,4252798.9375,7.64375,7.624999999999999,0.3647499999999999,7.174999999999998,Developing,30.43375,12.026458333333332,20.582302631578948,15.728312500000001,Africa
68,Guinea-Bissau,55.36875,158.3125,4.5625,2.26,21.961644662687497,75.0,331.3125,19.43125,7.3125,74.75,5.870666666666668,65.25,4.818749999999999,384.2149305312501,981883.1875,7.500000000000001,7.38125,0.2541875,8.2875,Developing,31.3125,16.32375,20.105625,6.300625,Africa
69,Guyana,65.6375,203.9375,0.5625,7.406000000000001,187.76501795668756,88.2,0.0,36.38125,1.0,87.75,6.084,88.1875,1.0625,1783.8809370625002,494437.25,5.681250000000002,5.46875,0.6198125000000001,10.7875,Developing,25.310000000000002,37.44520833333333,68.75443587662338,43.34714133522727,Americas
70,Haiti,59.868750000000006,168.3125,17.0,5.486,36.129200178937495,40.66666666666666,71.9375,39.275,24.8125,53.8125,6.183333333333334,48.0,2.7375,434.36012815,3852657.6875,4.24375,4.2562500000000005,0.4620625,8.45,Developing,18.403125,12.440208333333333,68.75443587662338,43.34714133522727,Americas
71,Honduras,72.99374999999999,142.0,4.625,3.0420000000000003,192.11563525375,95.0625,0.0,39.74375,5.6875,95.375,8.147333333333332,95.625,0.81875,1421.7880825000002,2832386.5625,2.4000000000000004,2.3375000000000004,0.590125,10.8875,Developing,16.0075,3.2687500000000003,68.75443587662338,44.30625,Americas
72,Hungary,73.82499999999999,147.0625,0.5625,11.427333333333332,376.831080251,84.45190351976066,2.0625,56.931250000000006,0.875,98.9375,7.7686666666666655,99.0,0.1,8513.641831249997,1604902.25,1.9187500000000004,1.9125000000000003,0.8043125,15.11875,Developed,11.856875,20.383125,92.343125,71.643125,Europe
73,Iceland,82.44375000000001,49.375,0.0,7.466,4991.59530846875,84.45190351976066,0.0,51.075,0.0,89.75,8.546000000000001,89.75,0.1,30159.50290750001,186177.625,0.9562500000000002,0.9000000000000002,0.8853124999999998,18.156250000000004,Developed,6.44125,12.299583333333333,94.241875,57.533125,Europe
74,India,65.41874999999999,146.5625,1366.6875,1.942,33.2426210915625,35.0,46454.1875,14.79375,1812.5,69.625,4.358666666666666,67.0625,0.2562499999999999,837.9200509125001,421467690.9375,27.1,27.94375,0.5495000000000001,9.981250000000005,Developing,16.575,16.233541666666667,44.631375,20.48375,South-East Asia
75,Indonesia,67.55625,166.5625,151.1875,0.0686666666666667,83.76831559187498,73.5625,16244.9375,19.95625,186.625,62.1875,2.663333333333333,72.375,0.2,1669.116783075,116555259.4375,3.41875,3.94375,0.6414374999999999,11.6125,Developing,13.794375,3.16,44.631375,35.7871875,South-East Asia
76,Iran (Islamic Republic of),73.85624999999999,107.0,25.1875,0.016,0.0,97.75,2828.25,48.63125,29.6875,98.25,6.290000000000001,98.375,0.1,8244.258282635765,15424546.5875,7.768750000000001,7.956250000000001,0.715,12.656250000000002,Developing,31.495,6.332916666666667,91.873125,50.36647619047619,Eastern Mediterranean
77,Iraq,70.35625,136.75,31.1875,0.1346666666666666,120.663689503125,64.875,3454.375,48.59375,38.0,55.625,4.435833333333333,65.75,0.1,3542.5575372499998,18572840.8125,5.4,5.1625000000000005,0.6335,9.906249999999998,Developing,20.23125,5.319583333333333,53.815,36.80125,Eastern Mediterranean
78,Ireland,80.15,72.4375,0.0,12.654,4867.3126046875,86.83333333333333,174.5,53.6875,0.0,86.125,7.7286666666666655,86.125,0.1,33835.272005,3599794.5625,0.2999999999999999,0.2187499999999999,0.8915,17.65625,Developed,7.1775,11.226041666666667,95.129375,66.149375,Europe
79,Israel,81.3,59.5,0.9375,2.497333333333334,1467.5358269218748,97.4375,138.9375,54.98750000000001,1.0,94.25,7.4786666666666655,89.0,0.1,18860.476015625,27862.875,1.14375,1.1,0.8731875,15.7125,Developing,5.954375,5.8379166666666675,99.76625,85.5,Europe
80,Italy,82.1875,54.1875,2.0,8.266666666666667,2937.137654230625,95.5,1961.375,56.15,2.3125,96.125,8.777333333333333,94.75,0.1,21234.78237062501,27643788.9375,0.5125,0.525,0.8580625,15.93125,Developed,9.34625,5.154166666666667,95.729375,95.681875,Europe
81,Jamaica,74.29375,141.25,1.0,3.624,134.249450170875,83.15384615384616,0.1875,45.425,1.0,89.625,5.144000000000001,89.3125,1.2375,2509.546469625,1500309.125,1.88125,1.7374999999999998,0.7096250000000001,12.275,Developing,12.4725,2.0247916666666668,68.75443587662338,43.34714133522727,Americas
82,Japan,82.5375,57.125,2.875,7.040666666666667,3923.05032917375,79.3798076923077,6875.8125,25.60625,4.0,96.0,6.472666666666666,96.25,0.1,24892.544784375,97384.0625,1.8125,1.5437499999999995,0.8765624999999999,14.975,Developed,7.47125,18.03,98.04875,76.276875,Western Pacific
83,Jordan,72.9875,114.3125,4.0,0.5173333333333333,273.59953421875,97.0,26.5,52.99999999999999,4.0,97.125,8.781333333333333,97.0,0.1,1822.629925625,4895075.6875,3.8875,3.86875,0.729,13.237499999999995,Developing,23.124375,2.4697916666666666,60.940625,78.001875,Eastern Mediterranean
84,Kazakhstan,66.7625,232.0625,7.125,6.641333333333333,203.03090856000003,97.3125,1246.9375,45.15624999999999,8.0625,97.5,4.019333333333334,96.4375,0.1,4040.586664374999,8340547.4375,2.4375,2.5437500000000006,0.7450625,14.025,Developing,24.405625,34.172916666666666,73.929375,70.04477129629629,Europe
85,Kenya,57.48125,348.5625,65.875,1.602,61.65546434349999,74.57142857142857,2643.875,15.562500000000002,98.625,70.1875,4.668666666666667,70.5,8.7625,716.77006788125,16826787.625,8.4,8.2875,0.497125,9.96875,Developing,26.22625,13.103958333333333,20.582302631578948,15.728312500000001,Africa
86,Kiribati,65.14999999999999,129.4375,0.0,0.4406666666666667,77.12610334500002,75.1875,0.0,69.43125,0.0,75.25,5.728,74.9375,0.1,1175.29241553125,35919.9375,0.15625,0.1374999999999999,0.36375,11.69375,Developing,7.86,33.594375,11.4875,21.01375,Western Pacific
87,Kuwait,73.84375000000001,83.25,0.5,0.0213333333333333,1719.8409805812505,98.1875,15.375,59.60625,1.0,98.1875,2.809333333333333,98.5,0.1,31914.378339375,15424546.5875,3.2812500000000013,3.15625,0.7895,13.725,Developing,24.575625,2.439583333333333,100.0,100.0,Eastern Mediterranean
88,Kyrgyzstan,69.08125,173.6875,3.75,2.267333333333333,0.0,85.5625,1156.625,35.112500000000004,4.125,95.875,6.118666666666667,96.5625,0.1125,14759.600598875568,7782217.683238637,3.35625,3.4125,0.6220625000000001,12.3375,Developing,18.173125,13.879791666666668,54.03375,88.110625,Europe
89,Lao People's Democratic Republic,62.38125,197.1875,10.625,3.505333333333334,0.0,60.30769230769231,552.75,14.362500000000002,14.75,58.8125,3.444,61.5,0.2,8807.363427092083,4935281.544642857,6.275,6.3812500000000005,0.5156250000000001,9.23125,Developing,14.20125,7.3652083333333325,12.064375,38.563125,Western Pacific
90,Latvia,73.73125,161.8125,0.0,8.864,530.60519180375,88.9375,3.3125,51.306250000000006,0.0,95.0625,6.331333333333334,95.0,0.1,7951.824896624999,1174562.6875,2.40625,2.43125,0.7924999999999999,15.568749999999998,Developed,17.84125,22.101458333333337,93.400625,58.92375,Europe
91,Lebanon,74.2,65.3125,1.0,1.785333333333334,333.0479451320625,70.5,295.1875,55.3375,1.0,71.25,6.6706666666666665,70.5,0.1,4696.1923789375005,2489104.5,4.768750000000002,4.718750000000001,0.4696875,13.74375,Developing,16.460625,2.93,45.614375,11.82625,Eastern Mediterranean
92,Lesotho,48.78124999999999,550.0625,4.5,2.0866666666666664,82.11891290006248,73.23076923076923,266.6875,25.237499999999997,6.3125,67.9375,7.607333333333333,79.4375,22.96875,794.5230103125001,1200527.5625,7.187499999999999,7.068749999999999,0.4568125,10.65625,Developing,28.00625,75.44604166666666,15.9775,23.143125,Africa
93,Liberia,57.525,246.9375,10.6875,3.2580000000000005,25.27170667675,49.125,705.3125,19.9875,14.75,59.4375,6.843999999999999,40.6875,2.28125,246.2817480312501,2788942.625,7.8375,7.7625,0.3894375,9.86875,Developing,34.790625,8.5275,20.582302631578948,15.728312500000001,Africa
94,Libya,72.48750000000001,139.6875,2.1875,0.01,180.0749890925,96.3125,547.3125,54.83749999999999,2.5,96.5,3.728,96.5,0.1,4598.161975416667,15424546.5875,5.599999999999999,5.43125,0.7408125,14.79375,Developing,22.09125,5.2,68.72619791666666,23.334375,Eastern Mediterranean
95,Lithuania,72.80624999999999,117.25,0.0,12.632666666666667,1015.75384256375,94.75,14.9375,49.23125,0.0,88.8125,6.547333333333333,94.25,0.1,9007.4586225,1926212.125,2.9375,2.96875,0.8066874999999999,16.1,Developed,18.34625,35.890625,78.2475,83.845625,Europe
96,Luxembourg,80.78125,67.5625,0.0,11.922,8177.5763413625,92.375,1.125,47.825,0.0,98.0625,7.547333333333333,98.9375,0.1,53257.012740625,265276.375,0.95,0.9125000000000002,0.8781250000000002,13.6375,Developed,10.010625000000001,10.987708333333332,99.73625,92.19125,Europe
97,Madagascar,62.74375,228.8125,34.9375,0.8200000000000001,43.25315657175,63.35714285714285,9576.1875,14.76875,51.125,59.9375,4.710666666666667,61.25,0.525,314.04132958124995,10950267.4375,7.868749999999999,7.78125,0.4566874999999999,9.33125,Developing,26.653125,10.43375,11.89375,6.14125,Africa
98,Malawi,49.89375,424.4375,37.125,0.9193333333333332,25.849706456812505,89.57142857142857,7559.4375,16.78125,58.75,89.0625,6.658666666666666,83.625,16.68125,237.50404201875,6700263.0625,7.11875,6.987500000000001,0.410625,10.23125,Developing,31.895,15.934791666666667,20.582302631578948,21.065625,Africa
99,Malaysia,73.75625000000001,118.5625,3.3125,0.4906666666666667,248.88502812,96.0,1453.125,29.168750000000003,4.125,96.375,3.7486666666666655,96.4375,0.1,4904.9389918125,11529155.8125,8.6125,8.40625,0.749125,12.562499999999998,Developing,24.824375,5.450625,93.124375,68.4,Western Pacific
100,Maldives,75.5375,83.1875,0.0,1.407333333333333,626.4998210524999,97.875,157.875,19.29375,0.0,97.875,8.236666666666668,97.875,0.1,3818.2969615625,3334.25,14.19375,14.2875,0.6386249999999999,12.000000000000002,Developing,2.325625,3.54875,44.631375,35.7871875,South-East Asia
101,Mali,54.9375,202.125,55.9375,0.438,48.981176981125,67.15384615384616,823.3125,17.212500000000002,96.5,62.5,6.522666666666667,67.0,1.825,530.5121700999999,5781492.875,7.075,6.3500000000000005,0.3651874999999999,6.43125,Developing,24.155,8.775208333333333,20.582302631578948,11.17,Africa
102,Malta,80.36250000000001,60.75,0.0,7.130000000000001,1181.43178558125,80.53846153846153,2.1875,66.18125,0.0,89.4375,8.596666666666666,89.3125,0.1,10114.797943125002,224742.4375,0.7499999999999999,0.7124999999999999,0.8111875,14.306250000000002,Developed,3.926875,5.598958333333333,100.0,91.87,Europe
103,Mauritania,62.8,159.9375,7.8125,0.0133333333333333,31.7031471238125,57.63636363636363,815.9375,22.475,11.9375,63.0625,3.935333333333334,60.125,1.1875000000000004,635.04960900625,1262286.1875,6.48125,6.81875,0.4730625,7.318750000000001,Developing,25.984375,5.8075,20.582302631578948,15.728312500000001,Africa
104,Mauritius,72.7125,163.5625,0.0,2.906666666666667,422.2395242989375,96.1875,54.3125,25.98125,0.0,96.5,4.524666666666667,96.3125,0.10625,5299.579823624998,663332.875,7.46875,7.4125,0.722625,13.531249999999998,Developing,14.095625,8.868125000000001,20.582302631578948,15.728312500000001,Africa
105,Mexico,75.71874999999999,111.0625,39.625,5.114,465.3274957875,94.4375,11.0,51.41875,46.5,95.0625,6.074,95.0,0.1,5179.33080675,27585265.1875,1.7312499999999995,1.6687499999999995,0.7288749999999999,12.325,Developing,14.543125,4.755,40.844375,29.616875,Americas
106,Micronesia (Federated States of),68.2,154.0625,0.0,2.1453333333333333,0.0,75.4375,8.75,65.15,0.0,82.375,11.056,81.875,0.1,8807.363427092083,4935281.544642857,0.2125,0.20625,0.5868125,10.4,Developing,5.105,27.264166666666668,55.21810267857143,56.17975961538461,Western Pacific
107,Mongolia,65.8875,222.125,1.5625,2.354,126.378363989375,97.4375,2079.25,39.79375,1.9375,97.5625,5.180666666666667,97.375,0.1,1984.6880227125,2037470.6875,2.28125,2.3875,0.6620625,12.66875,Developing,19.87875,22.637083333333333,24.8875,39.620625,Western Pacific
108,Montenegro,74.5,92.75,0.0,2.584285714285713,455.049824020625,48.5,0.625,50.4875,0.0,84.3,7.419333333333335,84.5,0.1,4676.5142775,329668.1875,2.1375,2.1875,0.58375,10.71875,Developing,14.033125,17.850833333333334,84.30199999999999,34.519,Europe
109,Morocco,72.15624999999999,95.1875,21.375,0.5186666666666667,102.98965830775,87.25,2593.0,48.61875,24.875,96.9375,5.442666666666668,97.1875,0.1,1936.391438375,20591653.9375,6.456249999999999,6.3125,0.5854999999999999,10.2875,Developing,22.67875,9.685208333333334,61.769375,35.173125,Eastern Mediterranean
110,Mozambique,53.39375,226.25,74.5625,1.2660000000000002,37.03415152218751,67.86666666666666,4735.0,16.14375,107.25,69.0,5.972666666666666,64.0625,11.3875,365.06823808125,11729745.9375,3.80625,3.71875,0.3608125,7.987500000000001,Developing,31.834375,24.610416666666666,20.582302631578948,15.728312500000001,Africa
111,Myanmar,64.2,154.3125,56.625,0.3513333333333333,12.82456363525,65.46153846153847,914.5,17.125,76.9375,70.6875,2.0126666666666666,72.375,0.475,616.18435734375,26015702.0,13.13125,13.424999999999995,0.4882500000000001,8.325,Developing,19.613125,4.2475,39.260625,60.336875,South-East Asia
112,Namibia,60.400000000000006,313.1875,2.875,4.710666666666667,359.9300794169376,86.33333333333333,722.0625,28.225,3.8125,78.5,7.398666666666667,83.5,13.64375,3042.6035070000003,1025527.125,10.699999999999998,10.70625,0.5883125000000001,11.55,Developing,24.999375,21.974999999999998,20.582302631578948,15.728312500000001,Africa
113,Nepal,66.48125,147.25,29.125,0.19,40.1620642759375,65.38461538461539,4663.5625,15.175000000000004,38.125,69.125,5.889333333333334,73.6875,0.15625,395.32846794375007,14633755.5625,17.13125,17.66875,0.494375,10.43125,Developing,15.775,10.449166666666667,28.0375,22.6075,South-East Asia
114,Netherlands,81.13125,61.625,1.0,8.846666666666666,3805.687047718751,48.2,251.9375,53.96875,1.0,96.8125,7.141333333333334,96.8125,0.1,34964.719796875,9775704.375,1.025,0.9625,0.8997499999999999,17.056250000000002,Developed,5.06,8.318125,99.985,97.45875,Europe
115,New Zealand,81.33749999999999,71.5,0.0,9.16625,2922.147779791875,70.1875,94.9375,56.62500000000001,0.0,89.125,8.876000000000001,70.625,0.1,14775.554806874998,4935281.544642857,0.3124999999999999,0.2999999999999999,0.8911875,18.868749999999995,Developed,9.6175,12.0775,86.825,78.371875,Western Pacific
116,Nicaragua,73.45,162.375,3.0625,3.5966666666666667,183.6629076488125,91.875,0.0,42.68125,3.6875,88.1875,6.730666666666666,91.875,0.2249999999999999,957.9039710625,1999846.9375,1.96875,1.875,0.6035,11.1125,Developing,15.348125,5.814166666666666,50.55375,43.34714133522727,Americas
117,Niger,56.98125,232.4375,52.8125,0.0913333333333333,19.099368610625003,60.57142857142857,15467.125,16.3625,105.6875,52.9375,6.577333333333332,52.3125,1.1625,259.782440975,11240718.9375,9.025,8.9125,0.298125,4.01875,Developing,27.293125,10.251041666666667,20.582302631578948,10.395625,Africa
118,Nigeria,51.35625000000001,248.5,535.6875,8.646666666666667,85.44427533293752,42.90909090909091,51653.9375,19.75,852.0625,41.3125,3.7106666666666666,39.3125,4.83125,1360.1398774687502,70877003.0625,10.41875,10.36875,0.367375,9.0,Developing,25.5975,8.890416666666667,16.8725,24.0775,Africa
119,Norway,81.79375,66.25,0.0,6.234375000000001,4658.813918093751,84.45190351976066,6.3125,50.81249999999999,0.0,93.0625,9.086,87.9375,0.1,27434.946928125,2614432.3125,0.7625000000000003,0.6999999999999998,0.9314374999999998,17.46875,Developed,5.06875,11.193958333333335,99.57,61.090625,Europe
120,Oman,74.84375,67.75,1.0,0.5346666666666667,387.410820335625,98.8125,10.875,44.78125,1.0,98.5,2.8766666666666665,98.75,0.1,7621.311126875001,15424546.5875,7.024999999999999,6.824999999999999,0.7155,12.225,Developing,27.296875,5.412916666666667,85.551875,50.36647619047619,Eastern Mediterranean
121,Pakistan,64.5,154.0,367.9375,0.026,26.1203906045625,67.3076923076923,3842.3125,18.3125,461.0,64.1875,2.9039999999999995,70.875,0.1,666.11105159375,69027961.8125,15.0875,15.5125,0.500875,6.718749999999998,Developing,14.116875,10.504791666666668,37.191875,50.36647619047619,Eastern Mediterranean
122,Panama,76.4875,115.875,1.125,6.212,569.9716162019376,78.66666666666667,0.25,49.31249999999999,1.6875,84.6875,7.722,80.0,0.125,5417.768890249999,1955021.875,2.0812500000000003,2.0187500000000003,0.74825,12.775000000000002,Developing,14.4975,5.020416666666667,68.75443587662338,43.34714133522727,Americas
123,Papua New Guinea,61.68125,266.5625,10.625,0.5806666666666666,75.37048165187501,57.0,2349.875,40.7875,13.75,62.5625,5.462666666666667,68.375,1.16875,758.0976163466668,4813446.0,1.4062500000000002,1.3625,0.4661874999999999,8.54375,Developing,16.9725,3.2616666666666667,55.21810267857143,56.17975961538461,Western Pacific
124,Paraguay,73.1125,139.9375,3.1875,5.527333333333334,229.790694404375,82.15384615384616,0.0,39.525,3.6875,77.9375,6.778666666666665,89.625,0.1375,1983.4043354375003,3299080.625,2.2,2.11875,0.6561875,12.16875,Developing,17.990625,4.46,56.11875,50.52375,Americas
125,Peru,73.66250000000001,122.4375,11.8125,4.278666666666666,417.078699565,83.6923076923077,0.375,44.86875,15.125,82.8125,4.926666666666667,81.0,0.2937499999999999,2928.543541625,16854321.6875,1.2187499999999998,1.2187499999999998,0.7032499999999999,13.306250000000002,Developing,15.094375,3.18,47.621875,24.8975,Americas
126,Philippines,67.57499999999999,217.9375,61.1875,4.510666666666666,89.55657082674999,62.125,7144.6875,19.1875,78.8125,78.1875,3.9053333333333335,79.125,0.1,1397.1361066875002,37265400.3125,1.0,9.69375,0.6504375,11.54375,Developing,10.49375,2.5464583333333333,43.301875,47.671875,Western Pacific
127,Poland,75.65,107.5625,2.25,9.99866666666667,310.682268485,97.375,47.4375,53.73125,2.6875,96.75,6.379333333333334,98.75,0.1,6792.5636004375,16053249.625,2.20625,2.3625,0.8131875,15.25,Developed,14.344375,15.109791666666666,93.27636363636364,84.090625,Europe
128,Portugal,79.99375,58.875,0.1875,12.211333333333334,1614.89704591875,87.625,7.25,43.63125,0.375,96.5,7.952666666666667,97.0,0.1,11598.625531249998,1032225.375,0.7187500000000001,0.5374999999999999,0.8049999999999998,15.937500000000002,Developed,14.129375,8.371458333333333,94.354375,61.951875,Europe
129,Qatar,77.03125,75.375,0.0,1.0813333333333333,2466.8550051575003,95.0625,96.25,65.65,0.0,95.875,2.6013333333333337,89.6875,0.1,40748.44410437502,15424546.5875,4.956249999999999,4.5875,0.8283750000000001,12.85,Developing,22.84375,5.55375,96.54375,76.175,Eastern Mediterranean
130,Republic of Korea,80.4875,76.1875,2.125,8.855333333333334,0.0,95.125,3548.4375,23.243749999999995,2.5625,91.25,5.912,96.0625,0.1,8807.363427092083,4935281.544642857,1.5375000000000003,1.01875,0.65463125,12.584374999999998,Developing,15.63125,23.011041666666667,97.59285714285714,85.376875,Western Pacific
131,Republic of Moldova,69.98124999999999,210.3125,1.0,9.545333333333334,0.0,95.0,390.875,43.90625,1.0625,94.9375,6.956666666666667,72.8125,0.1,14759.600598875568,7782217.683238637,3.025,3.2,0.7694268617021276,14.543351063829787,Developing,14.253125,16.580416666666668,56.594375,70.04477129629629,Europe
132,Romania,74.05000000000001,156.0625,2.8125,8.968666666666667,426.536634242625,91.8125,1365.6875,52.24999999999999,3.25,94.75,5.278,95.0,0.1,4258.9400543125,9206345.625,3.16875,3.50625,0.762625,13.925,Developed,12.12875,10.48375,81.78,59.891333333333336,Europe
133,Russian Federation,67.76249999999999,224.5625,16.6875,11.127999999999998,326.08407506487504,92.33333333333331,1616.4375,53.31875000000001,19.3125,97.5625,6.223333333333333,97.125,0.2624999999999999,6545.137358999999,59762085.625,2.44375,2.60625,0.7621875,13.74375,Developing,25.0175,38.662708333333335,75.13,57.46375,Europe
134,Rwanda,59.3125,246.8125,20.75,5.635999999999999,20.1913534375,96.0,505.875,14.749999999999998,32.0625,88.5,6.350666666666666,89.375,4.425000000000001,300.01801709375,3735506.5625,6.6312500000000005,6.65625,0.4176874999999999,9.2875,Developing,34.675625,15.041041666666667,7.15625,15.728312500000001,Africa
135,Saint Lucia,73.6,146.25,0.0,11.511333333333337,0.0,89.28571428571429,0.0,39.59374999999999,0.0,84.875,6.922666666666666,83.8125,0.15,5329.105300112037,11056231.956521738,4.35,4.38125,0.6647499999999998,12.70625,Developing,15.531875000000001,7.763750000000001,68.75443587662338,43.34714133522727,Americas
136,Saint Vincent and the Grenadines,73.475,152.0625,0.0,6.11,0.0,93.0,0.0,41.99375,0.0,97.875,4.816000000000002,98.3125,0.28125,5329.105300112037,11056231.956521738,3.6625,3.6125,0.6572500000000001,13.18125,Developing,6.81875,5.3168750000000005,68.75443587662338,43.34714133522727,Americas
137,Samoa,73.61875,133.5625,0.0,2.704,254.59701798437504,54.9375,0.5625,62.90625,0.0,57.25,5.325333333333333,62.9375,0.1,2121.6206485,131440.125,0.2,0.16875,0.6784375,12.64375,Developing,14.465,14.898958333333333,45.185625,48.04625,Western Pacific
138,Sao Tome and Principe,65.1625,164.9375,0.0,4.191333333333334,52.315094208812496,83.3076923076923,0.0,20.85,0.0,90.5625,6.586,95.125,0.96875,771.0348342533331,108853.9375,6.6375,6.55625,0.5282500000000001,10.25625,Developing,23.396875,2.266875,29.696875,20.805625,Africa
139,Saudi Arabia,73.46875,52.125,8.625,0.0746666666666666,838.506400329375,96.8125,759.3125,55.31250000000001,10.0,96.8125,3.924666666666667,96.875,0.1,10689.052945812498,15424546.5875,7.35625,7.368749999999999,0.7826249999999998,13.2875,Developing,23.355,4.668333333333334,68.72619791666666,44.175625,Eastern Mediterranean
140,Senegal,62.56875,174.1875,22.3125,0.3093333333333333,21.48642622468749,86.41666666666667,3248.75,18.44375,36.625,75.4375,4.938,78.3125,0.53125,274.61116614375004,5413842.6875,8.09375,7.9875,0.4325625,7.125000000000001,Developing,24.97,13.379375000000001,20.582302631578948,16.93,Africa
141,Serbia,73.95625,130.4375,1.0,8.682666666666668,464.7447380456875,90.75,73.8125,52.1375,1.0625,94.625,6.198666666666668,93.3125,0.1,3674.5424077625007,3608279.875,2.39375,2.425,0.7416875,13.531249999999998,Developing,9.866875,15.17125,74.660625,20.451875,Europe
142,Seychelles,72.37500000000001,161.1875,0.0,6.201333333333333,466.8304218925,98.6875,0.6875,28.40625,0.0,98.5,3.802,98.5,0.1,6496.302397062499,61543.8125,5.906249999999998,6.3,0.6908124999999999,12.90625,Developing,12.5075,8.245416666666666,20.582302631578948,15.728312500000001,Africa
143,Sierra Leone,46.1125,357.8125,27.5625,3.154666666666667,29.1055785935625,83.44444444444444,673.875,18.306249999999995,41.875,71.75,9.218,72.125,1.5187499999999998,271.50556128125004,3336264.5625,7.68125,7.1,0.3618125,8.23125,Developing,30.53625,11.426250000000001,6.68,10.73375,Africa
144,Singapore,81.47500000000001,62.0,0.0,1.7625000000000002,2332.57175895,95.875,85.75,25.90625,0.0,96.125,3.6880000000000006,96.1875,0.1,32790.105906875004,4935281.544642857,2.1250000000000004,2.06875,0.8668750000000001,13.981249999999998,Developed,5.060625,9.482083333333334,100.0,100.0,Western Pacific
145,Slovakia,74.75,118.0625,0.0,10.473333333333333,0.0,98.5625,0.25,51.81875000000001,0.125,98.4375,7.375999999999999,98.625,0.1,14759.600598875568,7782217.683238637,1.3437500000000002,1.4250000000000005,0.8033124999999999,14.350000000000003,Developed,11.38125,11.581249999999999,96.054375,84.14937499999999,Europe
146,Slovenia,79.73125,76.4375,0.0,10.754666666666669,1556.3345450087495,84.45190351976066,6.0625,52.2,0.0,95.1875,8.855333333333334,95.0,0.1,11441.0443775,401279.0625,1.7687499999999998,1.79375,0.8604375,16.475,Developed,10.89375,19.169791666666665,87.061875,41.934375,Europe
147,Solomon Islands,67.7125,140.0625,0.0,0.8006666666666665,112.02741557056252,78.625,0.0,39.175,0.0,87.75,6.267333333333334,75.375,0.1,801.9123831749998,329044.1875,1.24375,1.2624999999999995,0.4802499999999999,8.6375,Developing,17.724375,17.706666666666667,55.21810267857143,56.17975961538461,Western Pacific
148,Somalia,53.31875,316.75,49.875,0.01,0.0,42.0,5494.0625,18.6875,80.5625,29.8125,4.933883333333333,29.3125,0.8375000000000001,297.47334513333334,15424546.5875,7.268750000000001,7.08125,0.6413249999999999,11.2565625,Developing,27.286875,16.07125,68.72619791666666,20.84,Eastern Mediterranean
149,South Africa,57.49999999999999,412.75,48.6875,7.588666666666666,616.359643518125,66.5,1506.0,38.150000000000006,69.8125,65.3125,8.306000000000001,70.1875,18.49375,4869.4270436875,29213839.465000004,9.175,11.075,0.6290624999999999,12.89375,Developing,33.154375,27.260833333333334,20.582302631578948,15.728312500000001,Africa
150,South Sudan,53.875,346.3125,27.75,2.963014492753623,8.2410769375,31.0,315.75,20.848913043478262,43.25,44.0,2.7100000000000004,47.0,3.69375,1092.233630625,3750827.125,7.45054347826087,7.38641304347826,0.1316875,1.53125,Developing,24.329375,7.073333333333333,20.582302631578948,15.728312500000001,Africa
151,Spain,82.06875,63.625,1.625,10.024,2332.680183884375,92.5,449.875,58.66875,1.875,96.75,8.536666666666665,96.75,0.1,17093.459736875,26542854.125,0.5999999999999999,0.5,0.8505625,16.35625,Developed,8.570625,5.947500000000001,99.535,94.256875,Europe
152,Sri Lanka,73.4,144.375,4.0,2.096,59.75360089375,90.6153846153846,1420.4375,17.275,4.75,98.375,3.771333333333334,98.4375,0.1,1040.110189675,10844.8125,15.325000000000005,15.36875,0.7251875,13.21875,Developing,14.204375,20.368333333333332,44.631375,35.7871875,South-East Asia
153,Sudan,61.825,240.3125,64.625,1.458,97.69844266625,72.36363636363636,3108.0,44.845937500000005,96.625,72.25,5.695333333333335,72.375,0.25,1192.7979534312497,18046515.125,7.1190625,6.9799999999999995,0.4409999999999999,6.374999999999998,Developing,24.447499999999998,5.272083333333334,68.72619791666666,50.36647619047619,Eastern Mediterranean
154,Suriname,70.08125,166.0,0.0,4.984,508.494032814375,85.27272727272727,0.0,50.15625000000001,0.0,78.25,6.662666666666667,82.5625,0.7625,4781.216821937499,190916.625,3.5125,3.45625,0.4810624999999999,11.825,Developing,20.8175,27.005,53.17125,28.960625,Americas
155,Swaziland,51.325,339.0,2.625,4.463333333333334,278.0997131315,76.0,49.125,25.5,3.6875,89.0,7.308666666666666,83.75,32.94375,2165.0908375000004,457303.0625,6.475,6.63125,0.5156875000000001,10.35,Developing,30.035,62.846666666666664,20.582302631578948,15.728312500000001,Africa
156,Sweden,82.51875,59.1875,0.0,6.926666666666666,4438.163153549999,59.2,18.9375,56.24999999999999,0.0,98.3125,9.932666666666668,98.3125,0.1,29334.990639375,5514868.3125,1.3500000000000003,1.3062500000000004,0.893125,15.868750000000002,Developed,4.74125,12.387291666666668,99.55125,93.65375,Europe
157,Switzerland,82.33125,55.75,0.0,10.337999999999996,9801.81037748125,84.45190351976066,397.5,51.43749999999999,0.0,95.375,6.0873333333333335,94.5625,0.1,57362.874601250005,5913241.8125,0.5374999999999999,0.39375,0.9110625,15.393749999999995,Developed,5.416875,12.919791666666667,94.25,99.62125,Europe
158,Syrian Arab Republic,70.85,139.625,8.0,0.8046666666666666,39.2994856325,64.125,295.6875,47.31249999999999,9.5625,64.8125,3.9466666666666654,48.4375,0.1,1087.435773875,6741444.8125,6.449999999999999,6.2562500000000005,0.6180625,10.98125,Developing,22.618125,1.8672916666666666,68.72619791666666,50.36647619047619,Eastern Mediterranean
159,Tajikistan,66.65625,177.5625,10.6875,0.3306666666666666,17.277192458187503,84.42857142857143,208.1875,33.112500000000004,12.75,88.3125,5.648,89.25,0.2562499999999999,335.84172523125017,4751355.0,3.80625,3.85,0.5838125,10.68125,Developing,18.78,4.899166666666667,44.2325,70.04477129629629,Europe
160,Thailand,73.08125,160.375,12.125,6.131333333333332,401.2599633999999,97.0,4311.9375,21.59375,14.125,98.3125,3.757333333333333,98.1875,0.3875,3494.781701625,31170509.5,8.54375,8.7,0.6946875000000001,12.55,Developing,37.718125,8.457708333333334,44.631375,21.815625,South-East Asia
161,The former Yugoslav republic of Macedonia,74.1125,60.8125,0.0,1.8586666666666667,0.0,83.54545454545455,74.75,52.90625,0.0,95.5,7.535999999999999,94.875,0.1,14759.600598875568,7782217.683238637,2.43125,2.45625,0.45575,12.38125,Developing,7.635,8.216041666666667,80.35375,12.7725,Europe
162,Timor-Leste,64.75625,170.375,2.375,0.2353333333333333,21.1875232745,76.0,85.0625,14.55,3.0,63.21428571428572,1.646666666666667,64.21428571428571,0.1,551.7106493125001,460195.625,10.525,11.693749999999998,0.517625,10.7,Developing,14.79,4.321458333333333,44.631375,35.7871875,South-East Asia
163,Togo,56.66250000000001,311.3125,14.1875,0.9473333333333332,23.705604090625005,76.625,532.5,17.993750000000006,21.4375,67.1875,5.243333333333334,74.3125,3.8625,317.20409206875007,3722045.5625,7.86875,7.7375,0.4459374999999999,10.65,Developing,30.799375,18.53875,13.378125,6.91125,Africa
164,Tonga,72.53124999999999,129.625,0.0,1.1673333333333331,323.80934292818745,75.5,0.25,62.94375,0.0,76.875,5.206,70.3125,0.1,1981.5551861875,26589.8125,0.1,0.1,0.6988125000000001,14.218749999999998,Developing,11.180625,5.101875,29.358125,34.761875,Western Pacific
165,Trinidad and Tobago,71.06875,163.375,0.0,6.044666666666666,559.314872033125,54.92857142857143,0.0,37.73125,0.25,76.4375,5.199333333333334,66.5,0.625,7741.748090062502,776133.125,6.1375,6.50625,0.7533749999999999,12.33125,Developing,17.8775,11.790416666666667,68.75443587662338,43.34714133522727,Americas
166,Tunisia,74.35625000000002,18.75,3.25,1.3106666666666666,366.74126047625,96.75,33.1875,48.25625,3.6875,97.6875,6.052666666666667,97.6875,0.1,3044.081488375,3274493.1875,6.406249999999999,6.3375,0.692625,14.05625,Developing,23.438125,3.5435416666666666,75.759375,63.823125,Eastern Mediterranean
167,Turkey,73.9125,98.375,26.9375,1.4213333333333331,253.4171775340625,87.0625,5272.9375,56.4125,32.25,80.8125,5.617999999999999,80.75,0.1,3983.91772175,33501352.8125,5.0125,4.849999999999999,0.7033125,12.675,Developing,8.01375,2.8675,86.77307884972171,65.735625,Europe
168,Turkmenistan,64.61874999999999,214.8125,6.5625,2.6546666666666665,187.78198755506253,97.28571428571428,15.125,38.11875,8.0625,95.5625,2.828666666666666,96.375,0.1,2511.6115398625,2635550.1875,3.3375,3.3625,0.211625,9.83125,Developing,16.673750000000002,11.738750000000001,77.86875,70.04477129629629,Europe
169,Uganda,55.70625,300.1875,89.6875,8.050666666666666,47.6921083495625,63.42857142857143,12394.625,15.525,138.875,65.4375,8.542000000000002,64.875,7.65,421.04849634375,15540587.125,6.2625,6.25625,0.4453125,10.59375,Developing,31.63875,18.100416666666668,6.8875,15.728312500000001,Africa
170,Ukraine,69.9375,205.75,5.0625,7.369333333333333,169.42733017693746,54.625,5395.1875,50.89375,5.9375,81.4375,6.777333333333333,70.0,0.5375,1577.293328625,10004933.25,2.575,2.6750000000000003,0.7165625000000001,14.60625,Developing,18.798125,25.714791666666667,78.07875,49.545625,Europe
171,United Arab Emirates,75.7,67.0625,1.0,1.75,1886.73158978125,93.875,75.625,53.80625,1.0,95.0625,3.036666666666666,94.625,0.1,22110.366986250003,15424546.5875,5.18125,4.968749999999998,0.8195625000000001,12.812500000000002,Developing,18.730625,5.968958333333333,68.72619791666666,80.49714285714286,Eastern Mediterranean
172,United Kingdom of Great Britain and Northern Ireland,80.79375,70.375,3.625,11.13125,0.0,84.45190351976066,715.75,55.3875,4.0625,92.875,8.533999999999999,92.875,0.1,14759.600598875568,7782217.683238637,0.7499999999999998,0.50625,0.7694268617021276,14.543351063829787,Developed,5.166875,7.337708333333333,99.961875,97.87375,Europe
173,United Republic of Tanzania,56.00625000000001,304.4375,95.25,3.5826666666666664,0.0,73.5,3348.5625,17.318749999999998,143.1875,83.375,4.701333333333334,74.6875,7.274999999999999,1471.9199822852975,8305022.777936508,7.425000000000001,7.356249999999999,0.4455426136363636,9.055113636363636,Developing,29.965625,11.072083333333333,20.582302631578948,13.735625,Africa
174,United States of America,78.06250000000001,58.1875,26.1875,8.579333333333333,0.0,81.375,130.625,58.45,30.75,82.125,15.863333333333332,95.125,0.1,5329.105300112037,11056231.956521738,0.7312500000000002,0.6062499999999998,0.668935546875,12.7943359375,Developed,13.8225,11.407708333333334,95.63272727272728,97.9675,Americas
175,Uruguay,76.075,119.9375,0.5625,6.172666666666667,621.8389194,94.3125,0.0,52.925,0.75,94.25,8.75,89.125,0.1,7192.5848745,2396771.125,1.6,1.54375,0.765625,15.231249999999998,Developing,15.244375,15.126249999999999,68.75443587662338,43.34714133522727,Americas
176,Uzbekistan,68.03125,184.8125,21.9375,1.608666666666667,44.373450264937496,95.64285714285714,208.4375,34.80624999999999,25.6875,98.5625,5.638000000000001,98.4375,0.20625,651.0923589312499,903631.6875,3.14375,3.175,0.603,11.64375,Developing,10.885625,9.752708333333333,57.6475,70.04477129629629,Europe
177,Vanuatu,71.38749999999999,137.875,0.0,0.8066666666666665,282.32574587000005,56.125,20.875,44.25625,0.0,66.1875,3.9286666666666665,59.0625,0.1,2000.245518125,123096.1875,1.56875,1.49375,0.3675,10.568749999999998,Developing,13.961875,22.01770833333333,55.21810267857143,56.17975961538461,Western Pacific
178,Venezuela (Bolivarian Republic of),73.3875,163.0,9.375,7.419999999999999,0.0,66.25,165.0,54.4875,10.75,74.6875,4.998666666666666,68.5,0.1,5329.105300112037,11056231.956521738,1.65,1.5625,0.7268125,12.7875,Developing,32.036875,4.31375,68.75443587662338,21.39363636363636,Americas
179,Viet Nam,74.775,126.5625,29.1875,3.087333333333334,0.0,87.53846153846153,4232.9375,11.187500000000002,36.5,94.9375,5.977333333333334,91.75,0.14375,8807.363427092083,4935281.544642857,14.925,15.625000000000002,0.6270625000000001,11.5125,Developing,24.74375,7.350208333333334,55.21810267857143,56.17975961538461,Western Pacific
180,Yemen,63.8625,211.8125,39.375,0.0473333333333333,0.0,55.6875,2761.1875,33.487500000000004,51.625,67.125,5.005333333333334,72.625,0.1,8244.258282635765,15424546.5875,13.83125,13.750000000000002,0.4755,8.50625,Developing,22.86,7.715833333333333,68.72619791666666,21.715625,Eastern Mediterranean
181,Zambia,53.90624999999999,354.3125,33.4375,2.2393333333333336,89.65040685112501,69.81818181818181,6563.8125,17.450000000000003,52.375,64.375,5.823999999999999,74.25,11.93125,811.8118405187499,6260246.4375,6.8812500000000005,6.7625,0.4984375,11.2125,Developing,23.89375,21.27625,20.582302631578948,15.728312500000001,Africa
182,Zimbabwe,50.48749999999999,462.375,26.5625,4.482000000000001,20.364271458875,70.5625,923.0,25.1375,40.8125,75.625,6.158666666666665,75.1875,23.262500000000003,410.98019376875,8021343.0625,7.012499999999999,6.9875,0.4391249999999999,9.825,Developing,35.643125,28.5,32.049375,29.18875,Africa
